{
    "scene": {
        "1": {
            "cogvideox5b": 5,
            "gen3": 5,
            "kling": 5,
            "videocrafter2": 5,
            "pika": 4,
            "show1": 4,
            "lavie": 3
        },
        "2": {
            "cogvideox5b": 5,
            "gen3": 5,
            "kling": 5,
            "videocrafter2": 5,
            "pika": 4,
            "show1": 4,
            "lavie": 3
        },
        "3": {
            "cogvideox5b": 5,
            "gen3": 5,
            "kling": 5,
            "videocrafter2": 5,
            "pika": 4,
            "show1": 4,
            "lavie": 3
        },
        "4": {
            "cogvideox5b": 5,
            "gen3": 5,
            "kling": 5,
            "videocrafter2": 5,
            "pika": 4,
            "show1": 4,
            "lavie": 3
        },
        "5": {
            "cogvideox5b": 4,
            "gen3": 5,
            "kling": 5,
            "videocrafter2": 4,
            "pika": 4,
            "show1": 4,
            "lavie": 3
        },
        "6": {
            "cogvideox5b": 4,
            "gen3": 5,
            "kling": 5,
            "videocrafter2": 4,
            "pika": 4,
            "show1": 5,
            "lavie": 4
        },
        "7": {
            "cogvideox5b": 4,
            "gen3": 4,
            "kling": 5,
            "videocrafter2": 5,
            "pika": 4,
            "show1": 4,
            "lavie": 4
        },
        "8": {
            "cogvideox5b": 4,
            "gen3": 5,
            "kling": 5,
            "videocrafter2": 5,
            "pika": 4,
            "show1": 4,
            "lavie": 3
        },
        "9": {
            "cogvideox5b": 4,
            "gen3": 5,
            "kling": 5,
            "videocrafter2": 5,
            "pika": 4,
            "show1": 4,
            "lavie": 4
        },
        "10": {
            "cogvideox5b": 5,
            "gen3": 4,
            "kling": 5,
            "videocrafter2": 5,
            "pika": 4,
            "show1": 4,
            "lavie": 4
        },
        "11": {
            "cogvideox5b": 5,
            "gen3": 5,
            "kling": 5,
            "videocrafter2": 4,
            "pika": 5,
            "show1": 3,
            "lavie": 5
        },
        "12": {
            "cogvideox5b": 4,
            "gen3": 4,
            "kling": 5,
            "videocrafter2": 5,
            "pika": 4,
            "show1": 3,
            "lavie": 4
        },
        "13": {
            "cogvideox5b": 4,
            "gen3": 4,
            "kling": 5,
            "videocrafter2": 5,
            "pika": 4,
            "show1": 5,
            "lavie": 3
        },
        "14": {
            "cogvideox5b": 5,
            "gen3": 5,
            "kling": 5,
            "videocrafter2": 5,
            "pika": 4,
            "show1": 4,
            "lavie": 3
        },
        "15": {
            "cogvideox5b": 5,
            "gen3": 5,
            "kling": 5,
            "videocrafter2": 5,
            "pika": 4,
            "show1": 4,
            "lavie": 2
        },
        "16": {
            "cogvideox5b": 5,
            "gen3": 5,
            "kling": 5,
            "videocrafter2": 5,
            "pika": 5,
            "show1": 5,
            "lavie": 4
        },
        "17": {
            "cogvideox5b": 5,
            "gen3": 5,
            "kling": 5,
            "videocrafter2": 5,
            "pika": 5,
            "show1": 4,
            "lavie": 4
        },
        "18": {
            "cogvideox5b": 5,
            "gen3": 5,
            "kling": 5,
            "videocrafter2": 5,
            "pika": 5,
            "show1": 4,
            "lavie": 4
        },
        "19": {
            "cogvideox5b": 5,
            "gen3": 5,
            "kling": 5,
            "videocrafter2": 5,
            "pika": 5,
            "show1": 4,
            "lavie": 4
        },
        "20": {
            "cogvideox5b": 5,
            "gen3": 5,
            "kling": 5,
            "videocrafter2": 5,
            "pika": 5,
            "show1": 5,
            "lavie": 4
        },
        "21": {
            "cogvideox5b": 5,
            "gen3": 5,
            "kling": 5,
            "videocrafter2": 5,
            "pika": 4,
            "show1": 5,
            "lavie": 5
        },
        "22": {
            "cogvideox5b": 5,
            "gen3": 5,
            "kling": 5,
            "videocrafter2": 5,
            "pika": 4,
            "show1": 4,
            "lavie": 3
        },
        "23": {
            "cogvideox5b": 5,
            "gen3": 5,
            "kling": 5,
            "videocrafter2": 5,
            "pika": 4,
            "show1": 3,
            "lavie": 4
        },
        "24": {
            "cogvideox5b": 5,
            "gen3": 5,
            "kling": 5,
            "videocrafter2": 5,
            "pika": 4,
            "show1": 3,
            "lavie": 3
        },
        "25": {
            "cogvideox5b": 5,
            "gen3": 5,
            "kling": 5,
            "videocrafter2": 5,
            "pika": 4,
            "show1": 3,
            "lavie": 4
        },
        "26": {
            "cogvideox5b": 3,
            "gen3": 3,
            "kling": 3,
            "videocrafter2": 3,
            "pika": 3,
            "show1": 3,
            "lavie": 3
        },
        "27": {
            "cogvideox5b": 3,
            "gen3": 3,
            "kling": 3,
            "videocrafter2": 3,
            "pika": 3,
            "show1": 3,
            "lavie": 3
        },
        "28": {
            "cogvideox5b": 5,
            "gen3": 5,
            "kling": 4,
            "videocrafter2": 5,
            "pika": 3,
            "show1": 4,
            "lavie": 3
        },
        "29": {
            "cogvideox5b": 5,
            "gen3": 3,
            "kling": 4,
            "videocrafter2": 3,
            "pika": 3,
            "show1": 3,
            "lavie": 4
        },
        "30": {
            "cogvideox5b": 5,
            "gen3": 5,
            "kling": 4,
            "videocrafter2": 4,
            "pika": 3,
            "show1": 3,
            "lavie": 3
        },
        "31": {
            "cogvideox5b": 5,
            "gen3": 5,
            "kling": 3,
            "videocrafter2": 3,
            "pika": 3,
            "show1": 4,
            "lavie": 4
        },
        "32": {
            "cogvideox5b": 5,
            "gen3": 5,
            "kling": 3,
            "videocrafter2": 3,
            "pika": 3,
            "show1": 3,
            "lavie": 4
        },
        "33": {
            "cogvideox5b": 5,
            "gen3": 5,
            "kling": 2,
            "videocrafter2": 2,
            "pika": 2,
            "show1": 2,
            "lavie": 4
        },
        "34": {
            "cogvideox5b": 5,
            "gen3": 5,
            "kling": 5,
            "videocrafter2": 5,
            "pika": 5,
            "show1": 5,
            "lavie": 5
        },
        "35": {
            "cogvideox5b": 5,
            "gen3": 5,
            "kling": 5,
            "videocrafter2": 5,
            "pika": 5,
            "show1": 5,
            "lavie": 5
        },
        "36": {
            "cogvideox5b": 5,
            "gen3": 5,
            "kling": 5,
            "videocrafter2": 5,
            "pika": 5,
            "show1": 5,
            "lavie": 5
        },
        "37": {
            "cogvideox5b": 5,
            "gen3": 5,
            "kling": 5,
            "videocrafter2": 4,
            "pika": 5,
            "show1": 5,
            "lavie": 5
        },
        "38": {
            "cogvideox5b": 5,
            "gen3": 5,
            "kling": 5,
            "videocrafter2": 5,
            "pika": 5,
            "show1": 4,
            "lavie": 4
        },
        "39": {
            "cogvideox5b": 5,
            "gen3": 5,
            "kling": 5,
            "videocrafter2": 5,
            "pika": 4,
            "show1": 4,
            "lavie": 3
        },
        "40": {
            "cogvideox5b": 5,
            "gen3": 5,
            "kling": 5,
            "videocrafter2": 5,
            "pika": 2,
            "show1": 5,
            "lavie": 2
        },
        "41": {
            "cogvideox5b": 5,
            "gen3": 5,
            "kling": 5,
            "videocrafter2": 5,
            "pika": 3,
            "show1": 3,
            "lavie": 4
        },
        "42": {
            "cogvideox5b": 5,
            "gen3": 5,
            "kling": 2,
            "videocrafter2": 3,
            "pika": 3,
            "show1": 3,
            "lavie": 4
        },
        "43": {
            "cogvideox5b": 5,
            "gen3": 5,
            "kling": 2,
            "videocrafter2": 3,
            "pika": 3,
            "show1": 5,
            "lavie": 5
        },
        "44": {
            "cogvideox5b": 5,
            "gen3": 5,
            "kling": 2,
            "videocrafter2": 3,
            "pika": 3,
            "show1": 5,
            "lavie": 5
        },
        "45": {
            "cogvideox5b": 4,
            "gen3": 5,
            "kling": 5,
            "videocrafter2": 5,
            "pika": 3,
            "show1": 3,
            "lavie": 4
        },
        "46": {
            "cogvideox5b": 5,
            "gen3": 5,
            "kling": 5,
            "videocrafter2": 4,
            "pika": 5,
            "show1": 4,
            "lavie": 3
        },
        "47": {
            "cogvideox5b": 5,
            "gen3": 5,
            "kling": 3,
            "videocrafter2": 4,
            "pika": 3,
            "show1": 4,
            "lavie": 4
        },
        "48": {
            "cogvideox5b": 5,
            "gen3": 5,
            "kling": 3,
            "videocrafter2": 4,
            "pika": 2,
            "show1": 4,
            "lavie": 3
        },
        "49": {
            "cogvideox5b": 5,
            "gen3": 5,
            "kling": 5,
            "videocrafter2": 3,
            "pika": 5,
            "show1": 5,
            "lavie": 5
        },
        "50": {
            "cogvideox5b": 5,
            "gen3": 5,
            "kling": 5,
            "videocrafter2": 3,
            "pika": 4,
            "show1": 5,
            "lavie": 5
        },
        "51": {
            "cogvideox5b": 5,
            "gen3": 5,
            "kling": 5,
            "videocrafter2": 5,
            "pika": 5,
            "show1": 5,
            "lavie": 5
        },
        "52": {
            "cogvideox5b": 5,
            "gen3": 5,
            "kling": 5,
            "videocrafter2": 5,
            "pika": 5,
            "show1": 2,
            "lavie": 3
        },
        "53": {
            "cogvideox5b": 4,
            "gen3": 5,
            "kling": 5,
            "videocrafter2": 3,
            "pika": 3,
            "show1": 2,
            "lavie": 2
        },
        "54": {
            "cogvideox5b": 5,
            "gen3": 5,
            "kling": 5,
            "videocrafter2": 3,
            "pika": 3,
            "show1": 3,
            "lavie": 2
        },
        "55": {
            "cogvideox5b": 5,
            "gen3": 5,
            "kling": 5,
            "videocrafter2": 4,
            "pika": 2,
            "show1": 4,
            "lavie": 3
        },
        "56": {
            "cogvideox5b": 5,
            "gen3": 5,
            "kling": 5,
            "videocrafter2": 5,
            "pika": 3,
            "show1": 3,
            "lavie": 3
        },
        "57": {
            "cogvideox5b": 5,
            "gen3": 5,
            "kling": 5,
            "videocrafter2": 4,
            "pika": 2,
            "show1": 3,
            "lavie": 2
        },
        "58": {
            "cogvideox5b": 5,
            "gen3": 5,
            "kling": 5,
            "videocrafter2": 4,
            "pika": 4,
            "show1": 3,
            "lavie": 4
        },
        "59": {
            "cogvideox5b": 5,
            "gen3": 5,
            "kling": 5,
            "videocrafter2": 5,
            "pika": 2,
            "show1": 4,
            "lavie": 4
        },
        "60": {
            "cogvideox5b": 5,
            "gen3": 5,
            "kling": 5,
            "videocrafter2": 4,
            "pika": 4,
            "show1": 4,
            "lavie": 4
        },
        "61": {
            "cogvideox5b": 5,
            "gen3": 5,
            "kling": 5,
            "videocrafter2": 5,
            "pika": 5,
            "show1": 5,
            "lavie": 5
        },
        "62": {
            "cogvideox5b": 5,
            "gen3": 5,
            "kling": 5,
            "videocrafter2": 5,
            "pika": 5,
            "show1": 5,
            "lavie": 5
        },
        "63": {
            "cogvideox5b": 5,
            "gen3": 5,
            "kling": 5,
            "videocrafter2": 5,
            "pika": 5,
            "show1": 5,
            "lavie": 5
        },
        "64": {
            "cogvideox5b": 5,
            "gen3": 5,
            "kling": 5,
            "videocrafter2": 5,
            "pika": 5,
            "show1": 4,
            "lavie": 4
        },
        "65": {
            "cogvideox5b": 5,
            "gen3": 5,
            "kling": 5,
            "videocrafter2": 5,
            "pika": 5,
            "show1": 2,
            "lavie": 3
        },
        "66": {
            "cogvideox5b": 4,
            "gen3": 5,
            "kling": 5,
            "videocrafter2": 5,
            "pika": 4,
            "show1": 4,
            "lavie": 2
        },
        "67": {
            "cogvideox5b": 5,
            "gen3": 5,
            "kling": 5,
            "videocrafter2": 5,
            "pika": 3,
            "show1": 4,
            "lavie": 4
        },
        "68": {
            "cogvideox5b": 5,
            "gen3": 5,
            "kling": 5,
            "videocrafter2": 5,
            "pika": 4,
            "show1": 5,
            "lavie": 5
        },
        "69": {
            "cogvideox5b": 5,
            "gen3": 5,
            "kling": 5,
            "videocrafter2": 5,
            "pika": 5,
            "show1": 5,
            "lavie": 5
        },
        "70": {
            "cogvideox5b": 5,
            "gen3": 5,
            "kling": 3,
            "videocrafter2": 4,
            "pika": 2,
            "show1": 3,
            "lavie": 3
        },
        "71": {
            "cogvideox5b": 5,
            "gen3": 5,
            "kling": 4,
            "videocrafter2": 4,
            "pika": 4,
            "show1": 4,
            "lavie": 3
        },
        "72": {
            "cogvideox5b": 5,
            "gen3": 5,
            "kling": 4,
            "videocrafter2": 4,
            "pika": 4,
            "show1": 4,
            "lavie": 3
        },
        "73": {
            "cogvideox5b": 5,
            "gen3": 5,
            "kling": 5,
            "videocrafter2": 4,
            "pika": 5,
            "show1": 4,
            "lavie": 3
        },
        "74": {
            "cogvideox5b": 5,
            "gen3": 5,
            "kling": 5,
            "videocrafter2": 5,
            "pika": 5,
            "show1": 4,
            "lavie": 4
        },
        "75": {
            "cogvideox5b": 5,
            "gen3": 5,
            "kling": 5,
            "videocrafter2": 5,
            "pika": 5,
            "show1": 5,
            "lavie": 4
        },
        "76": {
            "cogvideox5b": 5,
            "gen3": 5,
            "kling": 5,
            "videocrafter2": 5,
            "pika": 5,
            "show1": 5,
            "lavie": 4
        },
        "77": {
            "cogvideox5b": 5,
            "gen3": 5,
            "kling": 5,
            "videocrafter2": 5,
            "pika": 5,
            "show1": 5,
            "lavie": 4
        },
        "78": {
            "cogvideox5b": 5,
            "gen3": 5,
            "kling": 5,
            "videocrafter2": 5,
            "pika": 3,
            "show1": 5,
            "lavie": 4
        },
        "79": {
            "cogvideox5b": 5,
            "gen3": 5,
            "kling": 4,
            "videocrafter2": 5,
            "pika": 5,
            "show1": 3,
            "lavie": 3
        },
        "80": {
            "cogvideox5b": 5,
            "gen3": 5,
            "kling": 4,
            "videocrafter2": 5,
            "pika": 4,
            "show1": 3,
            "lavie": 3
        },
        "81": {
            "cogvideox5b": 5,
            "gen3": 5,
            "kling": 4,
            "videocrafter2": 5,
            "pika": 4,
            "show1": 3,
            "lavie": 3
        },
        "82": {
            "cogvideox5b": 5,
            "gen3": 5,
            "kling": 5,
            "videocrafter2": 5,
            "pika": 2,
            "show1": 5,
            "lavie": 5
        },
        "83": {
            "cogvideox5b": 5,
            "gen3": 5,
            "kling": 5,
            "videocrafter2": 5,
            "pika": 3,
            "show1": 5,
            "lavie": 5
        },
        "84": {
            "cogvideox5b": 5,
            "gen3": 5,
            "kling": 5,
            "videocrafter2": 5,
            "pika": 5,
            "show1": 5,
            "lavie": 5
        },
        "85": {
            "cogvideox5b": 5,
            "gen3": 5,
            "kling": 5,
            "videocrafter2": 5,
            "pika": 5,
            "show1": 5,
            "lavie": 4
        },
        "86": {
            "cogvideox5b": 5,
            "gen3": 5,
            "kling": 5,
            "videocrafter2": 5,
            "pika": 5,
            "show1": 5,
            "lavie": 4
        },
        "87": {
            "cogvideox5b": 5,
            "gen3": 5,
            "kling": 5,
            "videocrafter2": 5,
            "pika": 5,
            "show1": 5,
            "lavie": 4
        },
        "88": {
            "cogvideox5b": 5,
            "gen3": 5,
            "kling": 5,
            "videocrafter2": 5,
            "pika": 5,
            "show1": 5,
            "lavie": 5
        },
        "89": {
            "cogvideox5b": 5,
            "gen3": 5,
            "kling": 2,
            "videocrafter2": 4,
            "pika": 5,
            "show1": 4,
            "lavie": 4
        },
        "90": {
            "cogvideox5b": 5,
            "gen3": 5,
            "kling": 4,
            "videocrafter2": 3,
            "pika": 4,
            "show1": 4,
            "lavie": 4
        },
        "91": {
            "cogvideox5b": 5,
            "gen3": 5,
            "kling": 5,
            "videocrafter2": 5,
            "pika": 3,
            "show1": 4,
            "lavie": 4
        },
        "92": {
            "cogvideox5b": 5,
            "gen3": 5,
            "kling": 5,
            "videocrafter2": 4,
            "pika": 5,
            "show1": 3,
            "lavie": 4
        },
        "93": {
            "cogvideox5b": 4,
            "gen3": 5,
            "kling": 5,
            "videocrafter2": 4,
            "pika": 3,
            "show1": 3,
            "lavie": 4
        },
        "94": {
            "cogvideox5b": 5,
            "gen3": 5,
            "kling": 5,
            "videocrafter2": 5,
            "pika": 3,
            "show1": 5,
            "lavie": 3
        },
        "95": {
            "cogvideox5b": 5,
            "gen3": 5,
            "kling": 5,
            "videocrafter2": 5,
            "pika": 5,
            "show1": 5,
            "lavie": 4
        },
        "96": {
            "cogvideox5b": 5,
            "gen3": 5,
            "kling": 5,
            "videocrafter2": 5,
            "pika": 3,
            "show1": 5,
            "lavie": 4
        },
        "97": {
            "cogvideox5b": 5,
            "gen3": 5,
            "kling": 5,
            "videocrafter2": 4,
            "pika": 2,
            "show1": 4,
            "lavie": 3
        },
        "98": {
            "cogvideox5b": 5,
            "gen3": 5,
            "kling": 4,
            "videocrafter2": 3,
            "pika": 5,
            "show1": 3,
            "lavie": 3
        },
        "99": {
            "cogvideox5b": 5,
            "gen3": 5,
            "kling": 5,
            "videocrafter2": 4,
            "pika": 3,
            "show1": 3,
            "lavie": 2
        },
        "100": {
            "cogvideox5b": 5,
            "gen3": 5,
            "kling": 5,
            "videocrafter2": 5,
            "pika": 4,
            "show1": 5,
            "lavie": 5
        },
        "101": {
            "cogvideox5b": 5,
            "gen3": 5,
            "kling": 5,
            "videocrafter2": 5,
            "pika": 2,
            "show1": 5,
            "lavie": 5
        },
        "102": {
            "cogvideox5b": 0,
            "gen3": 0,
            "kling": 0,
            "videocrafter2": 0,
            "pika": 0,
            "show1": 0,
            "lavie": 0
        },
        "103": {
            "cogvideox5b": 5,
            "gen3": 5,
            "kling": 5,
            "videocrafter2": 5,
            "pika": 4,
            "show1": 5,
            "lavie": 5
        },
        "104": {
            "cogvideox5b": 5,
            "gen3": 5,
            "kling": 5,
            "videocrafter2": 5,
            "pika": 4,
            "show1": 5,
            "lavie": 5
        },
        "105": {
            "cogvideox5b": 5,
            "gen3": 5,
            "kling": 5,
            "videocrafter2": 5,
            "pika": 4,
            "show1": 5,
            "lavie": 5
        },
        "106": {
            "cogvideox5b": 5,
            "gen3": 5,
            "kling": 5,
            "videocrafter2": 5,
            "pika": 4,
            "show1": 5,
            "lavie": 5
        },
        "107": {
            "cogvideox5b": 5,
            "gen3": 5,
            "kling": 5,
            "videocrafter2": 5,
            "pika": 5,
            "show1": 5,
            "lavie": 5
        },
        "108": {
            "cogvideox5b": 5,
            "gen3": 5,
            "kling": 5,
            "videocrafter2": 5,
            "pika": 5,
            "show1": 5,
            "lavie": 5
        },
        "109": {
            "cogvideox5b": 5,
            "gen3": 5,
            "kling": 5,
            "videocrafter2": 5,
            "pika": 5,
            "show1": 5,
            "lavie": 5
        },
        "110": {
            "cogvideox5b": 5,
            "gen3": 5,
            "kling": 5,
            "videocrafter2": 5,
            "pika": 5,
            "show1": 5,
            "lavie": 5
        },
        "111": {
            "cogvideox5b": 5,
            "gen3": 5,
            "kling": 5,
            "videocrafter2": 5,
            "pika": 5,
            "show1": 5,
            "lavie": 5
        },
        "112": {
            "cogvideox5b": 5,
            "gen3": 5,
            "kling": 5,
            "videocrafter2": 5,
            "pika": 5,
            "show1": 5,
            "lavie": 5
        },
        "113": {
            "cogvideox5b": 5,
            "gen3": 5,
            "kling": 5,
            "videocrafter2": 5,
            "pika": 5,
            "show1": 5,
            "lavie": 5
        },
        "114": {
            "cogvideox5b": 5,
            "gen3": 5,
            "kling": 5,
            "videocrafter2": 5,
            "pika": 5,
            "show1": 5,
            "lavie": 5
        },
        "115": {
            "cogvideox5b": 5,
            "gen3": 5,
            "kling": 5,
            "videocrafter2": 5,
            "pika": 4,
            "show1": 5,
            "lavie": 5
        },
        "116": {
            "cogvideox5b": 5,
            "gen3": 5,
            "kling": 5,
            "videocrafter2": 5,
            "pika": 5,
            "show1": 3,
            "lavie": 3
        },
        "117": {
            "cogvideox5b": 5,
            "gen3": 5,
            "kling": 5,
            "videocrafter2": 5,
            "pika": 4,
            "show1": 3,
            "lavie": 3
        },
        "118": {
            "cogvideox5b": 5,
            "gen3": 5,
            "kling": 5,
            "videocrafter2": 5,
            "pika": 5,
            "show1": 4,
            "lavie": 4
        },
        "119": {
            "cogvideox5b": 5,
            "gen3": 5,
            "kling": 5,
            "videocrafter2": 5,
            "pika": 5,
            "show1": 2,
            "lavie": 4
        },
        "120": {
            "cogvideox5b": 5,
            "gen3": 5,
            "kling": 5,
            "videocrafter2": 3,
            "pika": 5,
            "show1": 3,
            "lavie": 4
        },
        "121": {
            "cogvideox5b": 5,
            "gen3": 5,
            "kling": 5,
            "videocrafter2": 2,
            "pika": 3,
            "show1": 4,
            "lavie": 4
        },
        "122": {
            "cogvideox5b": 5,
            "gen3": 5,
            "kling": 5,
            "videocrafter2": 2,
            "pika": 3,
            "show1": 4,
            "lavie": 4
        },
        "123": {
            "cogvideox5b": 5,
            "gen3": 5,
            "kling": 5,
            "videocrafter2": 4,
            "pika": 3,
            "show1": 4,
            "lavie": 4
        },
        "124": {
            "cogvideox5b": 4,
            "gen3": 5,
            "kling": 5,
            "videocrafter2": 5,
            "pika": 5,
            "show1": 4,
            "lavie": 5
        },
        "125": {
            "cogvideox5b": 5,
            "gen3": 5,
            "kling": 5,
            "videocrafter2": 5,
            "pika": 2,
            "show1": 4,
            "lavie": 5
        },
        "126": {
            "cogvideox5b": 5,
            "gen3": 5,
            "kling": 5,
            "videocrafter2": 5,
            "pika": 4,
            "show1": 4,
            "lavie": 5
        },
        "127": {
            "cogvideox5b": 5,
            "gen3": 5,
            "kling": 5,
            "videocrafter2": 4,
            "pika": 5,
            "show1": 5,
            "lavie": 5
        },
        "128": {
            "cogvideox5b": 5,
            "gen3": 5,
            "kling": 5,
            "videocrafter2": 4,
            "pika": 5,
            "show1": 5,
            "lavie": 5
        },
        "129": {
            "cogvideox5b": 5,
            "gen3": 5,
            "kling": 5,
            "videocrafter2": 5,
            "pika": 5,
            "show1": 5,
            "lavie": 5
        },
        "130": {
            "cogvideox5b": 5,
            "gen3": 5,
            "kling": 5,
            "videocrafter2": 5,
            "pika": 4,
            "show1": 5,
            "lavie": 3
        },
        "131": {
            "cogvideox5b": 5,
            "gen3": 5,
            "kling": 5,
            "videocrafter2": 5,
            "pika": 3,
            "show1": 5,
            "lavie": 5
        },
        "132": {
            "cogvideox5b": 5,
            "gen3": 5,
            "kling": 5,
            "videocrafter2": 5,
            "pika": 5,
            "show1": 5,
            "lavie": 5
        },
        "133": {
            "cogvideox5b": 5,
            "gen3": 5,
            "kling": 5,
            "videocrafter2": 5,
            "pika": 5,
            "show1": 5,
            "lavie": 4
        },
        "134": {
            "cogvideox5b": 5,
            "gen3": 5,
            "kling": 5,
            "videocrafter2": 5,
            "pika": 5,
            "show1": 5,
            "lavie": 4
        },
        "135": {
            "cogvideox5b": 5,
            "gen3": 5,
            "kling": 5,
            "videocrafter2": 5,
            "pika": 5,
            "show1": 5,
            "lavie": 4
        },
        "136": {
            "cogvideox5b": 5,
            "gen3": 5,
            "kling": 5,
            "videocrafter2": 5,
            "pika": 5,
            "show1": 5,
            "lavie": 3
        },
        "137": {
            "cogvideox5b": 5,
            "gen3": 5,
            "kling": 5,
            "videocrafter2": 5,
            "pika": 3,
            "show1": 4,
            "lavie": 3
        },
        "138": {
            "cogvideox5b": 5,
            "gen3": 5,
            "kling": 5,
            "videocrafter2": 4,
            "pika": 3,
            "show1": 4,
            "lavie": 3
        },
        "139": {
            "cogvideox5b": 5,
            "gen3": 5,
            "kling": 5,
            "videocrafter2": 5,
            "pika": 5,
            "show1": 5,
            "lavie": 5
        },
        "140": {
            "cogvideox5b": 5,
            "gen3": 5,
            "kling": 5,
            "videocrafter2": 5,
            "pika": 4,
            "show1": 4,
            "lavie": 5
        },
        "141": {
            "cogvideox5b": 5,
            "gen3": 5,
            "kling": 5,
            "videocrafter2": 4,
            "pika": 2,
            "show1": 4,
            "lavie": 4
        },
        "142": {
            "cogvideox5b": 5,
            "gen3": 5,
            "kling": 5,
            "videocrafter2": 5,
            "pika": 5,
            "show1": 3,
            "lavie": 5
        },
        "143": {
            "cogvideox5b": 5,
            "gen3": 5,
            "kling": 5,
            "videocrafter2": 5,
            "pika": 5,
            "show1": 5,
            "lavie": 3
        },
        "144": {
            "cogvideox5b": 5,
            "gen3": 5,
            "kling": 5,
            "videocrafter2": 5,
            "pika": 5,
            "show1": 2,
            "lavie": 3
        },
        "145": {
            "cogvideox5b": 5,
            "gen3": 5,
            "kling": 5,
            "videocrafter2": 5,
            "pika": 4,
            "show1": 4,
            "lavie": 3
        },
        "146": {
            "cogvideox5b": 5,
            "gen3": 5,
            "kling": 5,
            "videocrafter2": 5,
            "pika": 5,
            "show1": 5,
            "lavie": 5
        },
        "147": {
            "cogvideox5b": 5,
            "gen3": 5,
            "kling": 5,
            "videocrafter2": 5,
            "pika": 5,
            "show1": 5,
            "lavie": 5
        },
        "148": {
            "cogvideox5b": 5,
            "gen3": 5,
            "kling": 5,
            "videocrafter2": 5,
            "pika": 5,
            "show1": 5,
            "lavie": 5
        },
        "149": {
            "cogvideox5b": 5,
            "gen3": 5,
            "kling": 5,
            "videocrafter2": 5,
            "pika": 5,
            "show1": 5,
            "lavie": 5
        },
        "150": {
            "cogvideox5b": 5,
            "gen3": 5,
            "kling": 5,
            "videocrafter2": 5,
            "pika": 5,
            "show1": 5,
            "lavie": 5
        },
        "151": {
            "cogvideox5b": 5,
            "gen3": 5,
            "kling": 5,
            "videocrafter2": 5,
            "pika": 5,
            "show1": 5,
            "lavie": 5
        },
        "152": {
            "cogvideox5b": 5,
            "gen3": 5,
            "kling": 5,
            "videocrafter2": 5,
            "pika": 5,
            "show1": 4,
            "lavie": 4
        },
        "153": {
            "cogvideox5b": 5,
            "gen3": 5,
            "kling": 5,
            "videocrafter2": 5,
            "pika": 5,
            "show1": 4,
            "lavie": 4
        },
        "154": {
            "cogvideox5b": 5,
            "gen3": 5,
            "kling": 5,
            "videocrafter2": 5,
            "pika": 4,
            "show1": 5,
            "lavie": 5
        },
        "155": {
            "cogvideox5b": 5,
            "gen3": 5,
            "kling": 5,
            "videocrafter2": 5,
            "pika": 4,
            "show1": 5,
            "lavie": 5
        },
        "156": {
            "cogvideox5b": 5,
            "gen3": 5,
            "kling": 5,
            "videocrafter2": 5,
            "pika": 4,
            "show1": 5,
            "lavie": 5
        },
        "157": {
            "cogvideox5b": 5,
            "gen3": 5,
            "kling": 5,
            "videocrafter2": 5,
            "pika": 2,
            "show1": 2,
            "lavie": 3
        },
        "158": {
            "cogvideox5b": 5,
            "gen3": 5,
            "kling": 5,
            "videocrafter2": 5,
            "pika": 4,
            "show1": 4,
            "lavie": 5
        },
        "159": {
            "cogvideox5b": 5,
            "gen3": 5,
            "kling": 5,
            "videocrafter2": 5,
            "pika": 4,
            "show1": 3,
            "lavie": 2
        },
        "160": {
            "cogvideox5b": 5,
            "gen3": 5,
            "kling": 5,
            "videocrafter2": 1,
            "pika": 5,
            "show1": 5,
            "lavie": 5
        },
        "161": {
            "cogvideox5b": 5,
            "gen3": 5,
            "kling": 5,
            "videocrafter2": 3,
            "pika": 5,
            "show1": 5,
            "lavie": 5
        },
        "162": {
            "cogvideox5b": 5,
            "gen3": 5,
            "kling": 5,
            "videocrafter2": 2,
            "pika": 4,
            "show1": 5,
            "lavie": 5
        },
        "163": {
            "cogvideox5b": 5,
            "gen3": 5,
            "kling": 5,
            "videocrafter2": 5,
            "pika": 5,
            "show1": 5,
            "lavie": 5
        },
        "164": {
            "cogvideox5b": 5,
            "gen3": 5,
            "kling": 5,
            "videocrafter2": 5,
            "pika": 5,
            "show1": 5,
            "lavie": 2
        },
        "165": {
            "cogvideox5b": 5,
            "gen3": 5,
            "kling": 5,
            "videocrafter2": 5,
            "pika": 5,
            "show1": 4,
            "lavie": 3
        },
        "166": {
            "cogvideox5b": 5,
            "gen3": 5,
            "kling": 5,
            "videocrafter2": 5,
            "pika": 5,
            "show1": 4,
            "lavie": 2
        },
        "167": {
            "cogvideox5b": 5,
            "gen3": 5,
            "kling": 5,
            "videocrafter2": 5,
            "pika": 2,
            "show1": 4,
            "lavie": 3
        },
        "168": {
            "cogvideox5b": 5,
            "gen3": 5,
            "kling": 5,
            "videocrafter2": 5,
            "pika": 2,
            "show1": 4,
            "lavie": 3
        },
        "169": {
            "cogvideox5b": 5,
            "gen3": 5,
            "kling": 5,
            "videocrafter2": 4,
            "pika": 4,
            "show1": 4,
            "lavie": 3
        },
        "170": {
            "cogvideox5b": 5,
            "gen3": 5,
            "kling": 5,
            "videocrafter2": 4,
            "pika": 4,
            "show1": 4,
            "lavie": 3
        },
        "171": {
            "cogvideox5b": 5,
            "gen3": 5,
            "kling": 5,
            "videocrafter2": 4,
            "pika": 4,
            "show1": 4,
            "lavie": 3
        },
        "172": {
            "cogvideox5b": 5,
            "gen3": 4,
            "kling": 5,
            "videocrafter2": 5,
            "pika": 5,
            "show1": 3,
            "lavie": 5
        },
        "173": {
            "cogvideox5b": 5,
            "gen3": 4,
            "kling": 5,
            "videocrafter2": 5,
            "pika": 5,
            "show1": 3,
            "lavie": 5
        },
        "174": {
            "cogvideox5b": 5,
            "gen3": 5,
            "kling": 5,
            "videocrafter2": 5,
            "pika": 2,
            "show1": 2,
            "lavie": 5
        },
        "175": {
            "cogvideox5b": 5,
            "gen3": 5,
            "kling": 5,
            "videocrafter2": 5,
            "pika": 4,
            "show1": 4,
            "lavie": 4
        },
        "176": {
            "cogvideox5b": 5,
            "gen3": 5,
            "kling": 5,
            "videocrafter2": 5,
            "pika": 4,
            "show1": 5,
            "lavie": 5
        },
        "177": {
            "cogvideox5b": 5,
            "gen3": 5,
            "kling": 5,
            "videocrafter2": 5,
            "pika": 4,
            "show1": 4,
            "lavie": 5
        },
        "178": {
            "cogvideox5b": 5,
            "gen3": 5,
            "kling": 5,
            "videocrafter2": 2,
            "pika": 4,
            "show1": 5,
            "lavie": 4
        },
        "179": {
            "cogvideox5b": 5,
            "gen3": 5,
            "kling": 1,
            "videocrafter2": 4,
            "pika": 4,
            "show1": 5,
            "lavie": 1
        },
        "180": {
            "cogvideox5b": 5,
            "gen3": 5,
            "kling": 4,
            "videocrafter2": 1,
            "pika": 2,
            "show1": 5,
            "lavie": 2
        },
        "181": {
            "cogvideox5b": 5,
            "gen3": 5,
            "kling": 5,
            "videocrafter2": 4,
            "pika": 3,
            "show1": 4,
            "lavie": 2
        },
        "182": {
            "cogvideox5b": 5,
            "gen3": 5,
            "kling": 5,
            "videocrafter2": 4,
            "pika": 3,
            "show1": 4,
            "lavie": 3
        },
        "183": {
            "cogvideox5b": 5,
            "gen3": 5,
            "kling": 5,
            "videocrafter2": 4,
            "pika": 5,
            "show1": 4,
            "lavie": 4
        },
        "184": {
            "cogvideox5b": 5,
            "gen3": 5,
            "kling": 5,
            "videocrafter2": 4,
            "pika": 5,
            "show1": 4,
            "lavie": 4
        },
        "185": {
            "cogvideox5b": 5,
            "gen3": 3,
            "kling": 5,
            "videocrafter2": 3,
            "pika": 5,
            "show1": 3,
            "lavie": 3
        },
        "186": {
            "cogvideox5b": 5,
            "gen3": 5,
            "kling": 4,
            "videocrafter2": 3,
            "pika": 3,
            "show1": 3,
            "lavie": 4
        },
        "187": {
            "cogvideox5b": 5,
            "gen3": 5,
            "kling": 1,
            "videocrafter2": 5,
            "pika": 2,
            "show1": 5,
            "lavie": 5
        },
        "188": {
            "cogvideox5b": 5,
            "gen3": 5,
            "kling": 1,
            "videocrafter2": 5,
            "pika": 4,
            "show1": 5,
            "lavie": 4
        },
        "189": {
            "cogvideox5b": 5,
            "gen3": 5,
            "kling": 1,
            "videocrafter2": 5,
            "pika": 4,
            "show1": 5,
            "lavie": 5
        },
        "190": {
            "cogvideox5b": 5,
            "gen3": 5,
            "kling": 4,
            "videocrafter2": 5,
            "pika": 5,
            "show1": 3,
            "lavie": 2
        },
        "191": {
            "cogvideox5b": 5,
            "gen3": 5,
            "kling": 5,
            "videocrafter2": 5,
            "pika": 5,
            "show1": 2,
            "lavie": 4
        },
        "192": {
            "cogvideox5b": 5,
            "gen3": 5,
            "kling": 5,
            "videocrafter2": 5,
            "pika": 5,
            "show1": 4,
            "lavie": 5
        },
        "193": {
            "cogvideox5b": 5,
            "gen3": 5,
            "kling": 5,
            "videocrafter2": 5,
            "pika": 5,
            "show1": 5,
            "lavie": 3
        },
        "194": {
            "cogvideox5b": 5,
            "gen3": 5,
            "kling": 5,
            "videocrafter2": 5,
            "pika": 3,
            "show1": 5,
            "lavie": 4
        },
        "195": {
            "cogvideox5b": 5,
            "gen3": 5,
            "kling": 5,
            "videocrafter2": 5,
            "pika": 3,
            "show1": 5,
            "lavie": 3
        },
        "196": {
            "cogvideox5b": 5,
            "gen3": 5,
            "kling": 5,
            "videocrafter2": 5,
            "pika": 3,
            "show1": 5,
            "lavie": 5
        },
        "197": {
            "cogvideox5b": 5,
            "gen3": 5,
            "kling": 5,
            "videocrafter2": 5,
            "pika": 3,
            "show1": 5,
            "lavie": 5
        },
        "198": {
            "cogvideox5b": 5,
            "gen3": 5,
            "kling": 2,
            "videocrafter2": 5,
            "pika": 3,
            "show1": 5,
            "lavie": 5
        },
        "199": {
            "cogvideox5b": 5,
            "gen3": 5,
            "kling": 5,
            "videocrafter2": 5,
            "pika": 4,
            "show1": 5,
            "lavie": 5
        },
        "200": {
            "cogvideox5b": 5,
            "gen3": 5,
            "kling": 5,
            "videocrafter2": 5,
            "pika": 5,
            "show1": 5,
            "lavie": 5
        },
        "201": {
            "cogvideox5b": 5,
            "gen3": 5,
            "kling": 5,
            "videocrafter2": 5,
            "pika": 5,
            "show1": 5,
            "lavie": 5
        },
        "202": {
            "cogvideox5b": 5,
            "gen3": 5,
            "kling": 5,
            "videocrafter2": 5,
            "pika": 5,
            "show1": 4,
            "lavie": 4
        },
        "203": {
            "cogvideox5b": 5,
            "gen3": 5,
            "kling": 5,
            "videocrafter2": 5,
            "pika": 5,
            "show1": 5,
            "lavie": 4
        },
        "204": {
            "cogvideox5b": 5,
            "gen3": 5,
            "kling": 5,
            "videocrafter2": 5,
            "pika": 4,
            "show1": 4,
            "lavie": 3
        },
        "205": {
            "cogvideox5b": 5,
            "gen3": 5,
            "kling": 5,
            "videocrafter2": 5,
            "pika": 5,
            "show1": 5,
            "lavie": 4
        },
        "206": {
            "cogvideox5b": 5,
            "gen3": 5,
            "kling": 5,
            "videocrafter2": 5,
            "pika": 3,
            "show1": 5,
            "lavie": 5
        },
        "207": {
            "cogvideox5b": 5,
            "gen3": 5,
            "kling": 5,
            "videocrafter2": 5,
            "pika": 5,
            "show1": 5,
            "lavie": 5
        },
        "208": {
            "cogvideox5b": 5,
            "gen3": 5,
            "kling": 5,
            "videocrafter2": 4,
            "pika": 5,
            "show1": 5,
            "lavie": 5
        },
        "209": {
            "cogvideox5b": 5,
            "gen3": 5,
            "kling": 5,
            "videocrafter2": 4,
            "pika": 5,
            "show1": 5,
            "lavie": 5
        },
        "210": {
            "cogvideox5b": 5,
            "gen3": 5,
            "kling": 5,
            "videocrafter2": 4,
            "pika": 5,
            "show1": 5,
            "lavie": 5
        },
        "211": {
            "cogvideox5b": 5,
            "gen3": 5,
            "kling": 5,
            "videocrafter2": 1,
            "pika": 5,
            "show1": 5,
            "lavie": 4
        },
        "212": {
            "cogvideox5b": 5,
            "gen3": 5,
            "kling": 5,
            "videocrafter2": 5,
            "pika": 2,
            "show1": 5,
            "lavie": 5
        },
        "213": {
            "cogvideox5b": 5,
            "gen3": 2,
            "kling": 4,
            "videocrafter2": 1,
            "pika": 3,
            "show1": 3,
            "lavie": 3
        },
        "214": {
            "cogvideox5b": 5,
            "gen3": 5,
            "kling": 5,
            "videocrafter2": 4,
            "pika": 4,
            "show1": 5,
            "lavie": 4
        },
        "215": {
            "cogvideox5b": 5,
            "gen3": 5,
            "kling": 5,
            "videocrafter2": 4,
            "pika": 4,
            "show1": 5,
            "lavie": 4
        },
        "216": {
            "cogvideox5b": 5,
            "gen3": 5,
            "kling": 5,
            "videocrafter2": 4,
            "pika": 4,
            "show1": 5,
            "lavie": 5
        },
        "217": {
            "cogvideox5b": 5,
            "gen3": 5,
            "kling": 5,
            "videocrafter2": 5,
            "pika": 5,
            "show1": 5,
            "lavie": 5
        },
        "218": {
            "cogvideox5b": 5,
            "gen3": 5,
            "kling": 5,
            "videocrafter2": 5,
            "pika": 5,
            "show1": 5,
            "lavie": 5
        },
        "219": {
            "cogvideox5b": 5,
            "gen3": 5,
            "kling": 5,
            "videocrafter2": 5,
            "pika": 5,
            "show1": 5,
            "lavie": 5
        },
        "220": {
            "cogvideox5b": 5,
            "gen3": 5,
            "kling": 5,
            "videocrafter2": 5,
            "pika": 5,
            "show1": 5,
            "lavie": 5
        },
        "221": {
            "cogvideox5b": 5,
            "gen3": 5,
            "kling": 5,
            "videocrafter2": 5,
            "pika": 5,
            "show1": 5,
            "lavie": 5
        },
        "222": {
            "cogvideox5b": 3,
            "gen3": 5,
            "kling": 5,
            "videocrafter2": 4,
            "pika": 5,
            "show1": 3,
            "lavie": 5
        },
        "223": {
            "cogvideox5b": 5,
            "gen3": 5,
            "kling": 5,
            "videocrafter2": 1,
            "pika": 5,
            "show1": 3,
            "lavie": 5
        },
        "224": {
            "cogvideox5b": 5,
            "gen3": 5,
            "kling": 5,
            "videocrafter2": 2,
            "pika": 5,
            "show1": 5,
            "lavie": 5
        },
        "225": {
            "cogvideox5b": 5,
            "gen3": 5,
            "kling": 5,
            "videocrafter2": 5,
            "pika": 5,
            "show1": 3,
            "lavie": 5
        },
        "226": {
            "cogvideox5b": 5,
            "gen3": 5,
            "kling": 5,
            "videocrafter2": 5,
            "pika": 5,
            "show1": 1,
            "lavie": 5
        },
        "227": {
            "cogvideox5b": 5,
            "gen3": 5,
            "kling": 5,
            "videocrafter2": 5,
            "pika": 5,
            "show1": 5,
            "lavie": 5
        },
        "228": {
            "cogvideox5b": 5,
            "gen3": 5,
            "kling": 5,
            "videocrafter2": 5,
            "pika": 5,
            "show1": 5,
            "lavie": 5
        },
        "229": {
            "cogvideox5b": 5,
            "gen3": 5,
            "kling": 5,
            "videocrafter2": 5,
            "pika": 5,
            "show1": 5,
            "lavie": 5
        },
        "230": {
            "cogvideox5b": 5,
            "gen3": 5,
            "kling": 5,
            "videocrafter2": 5,
            "pika": 5,
            "show1": 5,
            "lavie": 5
        },
        "231": {
            "cogvideox5b": 5,
            "gen3": 5,
            "kling": 5,
            "videocrafter2": 5,
            "pika": 5,
            "show1": 5,
            "lavie": 5
        },
        "232": {
            "cogvideox5b": 5,
            "gen3": 5,
            "kling": 5,
            "videocrafter2": 5,
            "pika": 5,
            "show1": 5,
            "lavie": 5
        },
        "233": {
            "cogvideox5b": 5,
            "gen3": 5,
            "kling": 5,
            "videocrafter2": 5,
            "pika": 5,
            "show1": 5,
            "lavie": 5
        },
        "234": {
            "cogvideox5b": 5,
            "gen3": 5,
            "kling": 5,
            "videocrafter2": 5,
            "pika": 5,
            "show1": 5,
            "lavie": 5
        },
        "235": {
            "cogvideox5b": 5,
            "gen3": 5,
            "kling": 5,
            "videocrafter2": 5,
            "pika": 2,
            "show1": 5,
            "lavie": 5
        },
        "236": {
            "cogvideox5b": 5,
            "gen3": 5,
            "kling": 5,
            "videocrafter2": 5,
            "pika": 2,
            "show1": 5,
            "lavie": 5
        },
        "237": {
            "cogvideox5b": 5,
            "gen3": 5,
            "kling": 5,
            "videocrafter2": 5,
            "pika": 3,
            "show1": 5,
            "lavie": 5
        },
        "238": {
            "cogvideox5b": 5,
            "gen3": 5,
            "kling": 5,
            "videocrafter2": 5,
            "pika": 3,
            "show1": 5,
            "lavie": 5
        },
        "239": {
            "cogvideox5b": 5,
            "gen3": 5,
            "kling": 5,
            "videocrafter2": 5,
            "pika": 5,
            "show1": 5,
            "lavie": 5
        },
        "240": {
            "cogvideox5b": 5,
            "gen3": 5,
            "kling": 5,
            "videocrafter2": 5,
            "pika": 5,
            "show1": 5,
            "lavie": 5
        },
        "241": {
            "cogvideox5b": 5,
            "gen3": 5,
            "kling": 5,
            "videocrafter2": 5,
            "pika": 4,
            "show1": 5,
            "lavie": 3
        },
        "242": {
            "cogvideox5b": 5,
            "gen3": 5,
            "kling": 5,
            "videocrafter2": 5,
            "pika": 3,
            "show1": 5,
            "lavie": 1
        },
        "243": {
            "cogvideox5b": 5,
            "gen3": 5,
            "kling": 5,
            "videocrafter2": 5,
            "pika": 5,
            "show1": 5,
            "lavie": 2
        },
        "244": {
            "cogvideox5b": 5,
            "gen3": 5,
            "kling": 5,
            "videocrafter2": 5,
            "pika": 5,
            "show1": 5,
            "lavie": 5
        },
        "245": {
            "cogvideox5b": 5,
            "gen3": 5,
            "kling": 5,
            "videocrafter2": 5,
            "pika": 5,
            "show1": 5,
            "lavie": 5
        },
        "246": {
            "cogvideox5b": 5,
            "gen3": 5,
            "kling": 5,
            "videocrafter2": 5,
            "pika": 5,
            "show1": 5,
            "lavie": 5
        },
        "247": {
            "cogvideox5b": 5,
            "gen3": 5,
            "kling": 5,
            "videocrafter2": 5,
            "pika": 3,
            "show1": 3,
            "lavie": 5
        },
        "248": {
            "cogvideox5b": 5,
            "gen3": 5,
            "kling": 5,
            "videocrafter2": 5,
            "pika": 3,
            "show1": 4,
            "lavie": 5
        },
        "249": {
            "cogvideox5b": 5,
            "gen3": 5,
            "kling": 5,
            "videocrafter2": 5,
            "pika": 3,
            "show1": 4,
            "lavie": 4
        },
        "250": {
            "cogvideox5b": 5,
            "gen3": 5,
            "kling": 5,
            "videocrafter2": 5,
            "pika": 4,
            "show1": 5,
            "lavie": 5
        },
        "251": {
            "cogvideox5b": 5,
            "gen3": 5,
            "kling": 5,
            "videocrafter2": 5,
            "pika": 3,
            "show1": 5,
            "lavie": 5
        },
        "252": {
            "cogvideox5b": 5,
            "gen3": 5,
            "kling": 5,
            "videocrafter2": 5,
            "pika": 3,
            "show1": 5,
            "lavie": 3
        },
        "253": {
            "cogvideox5b": 5,
            "gen3": 5,
            "kling": 5,
            "videocrafter2": 5,
            "pika": 5,
            "show1": 5,
            "lavie": 5
        },
        "254": {
            "cogvideox5b": 5,
            "gen3": 5,
            "kling": 5,
            "videocrafter2": 5,
            "pika": 5,
            "show1": 5,
            "lavie": 5
        },
        "255": {
            "cogvideox5b": 5,
            "gen3": 5,
            "kling": 5,
            "videocrafter2": 5,
            "pika": 5,
            "show1": 5,
            "lavie": 5
        },
        "256": {
            "cogvideox5b": 5,
            "gen3": 5,
            "kling": 5,
            "videocrafter2": 5,
            "pika": 4,
            "show1": 4,
            "lavie": 3
        },
        "257": {
            "cogvideox5b": 5,
            "gen3": 5,
            "kling": 5,
            "videocrafter2": 5,
            "pika": 4,
            "show1": 5,
            "lavie": 3
        },
        "258": {
            "cogvideox5b": 5,
            "gen3": 5,
            "kling": 5,
            "videocrafter2": 5,
            "pika": 4,
            "show1": 5,
            "lavie": 5
        }
    }
}